{
  // The folder to output JavaScript (.js) files.
  "output": "$(OutDir)/bridge/",

  // Enable the Bridge Console.
  // Default is false.
  "console": {
    "enabled": true
  },

  // Enable browser debugging of C# files.
  // Default is false.
  "sourceMap": {
    "enabled": true
  },

  // Set to true to disable Reflection metadata generation.
  // Default is false.
  "reflection": {
    "disabled": false
  },

  // Generate TypeScript Definition (.d.ts) files.
  // Default is false.
  "generateTypeScript": false,

  // Delete everything from the output folder
  // Default is false
  "cleanOutputFolderBeforeBuild": false,

  // Set to false to disable Report generation.
  // Default is false.
  "report": {
    "enabled": true
  },

  // Rules to manage generated JavaScript syntax.
  // Default is "Managed"
  "rules": {
    "anonymousType": "Plain",
    "arrayIndex": "Managed",
    "autoProperty": "Plain",
    "boxing": "Managed",
    "integer": "Managed",
    "lambda": "Plain"
  }

  // More config options available at
  // https://github.com/bridgedotnet/Bridge/wiki/global-configuration
}