<?xml version="1.0" encoding="UTF-8"?>
<vcs-roots modification-check-interval="60" quiet-period="60">
  <vcs-root id="2" name="FlatRedBallXNA" type="svn">
    <scope level="project" project-id="project2" />
    <param name="externals-mode" value="externals-none" />
    <param name="labelingMessage" value="Labeled automatically by TeamCity for Daily Build" />
    <param name="labelingPatterns" value="./=&gt;../tags/dailybuilds/" />
    <param name="secure:svn-password" value="zxx8eceec343b6e010ae87796e4cdbf1986" />
    <param name="svn-config-directory" value="C:\Windows\system32\config\systemprofile\AppData\Roaming\Subversion" />
    <param name="svn-use-default-config-directory" value="true" />
    <param name="url" value="http://www.flatredball.com/EngineXNA/Trunk" />
    <param name="user" value="zdman" />
    <param name="working-copy-format" value="1.7" />
  </vcs-root>
  <vcs-root id="3" name="FlatRedBallMDX" type="svn">
    <scope level="project" project-id="project2" />
    <param name="externals-mode" value="externals-none" />
    <param name="labelingMessage" value="Labeled automatically by TeamCity" />
    <param name="labelingPatterns" value=".=&gt;../tags/dailybuilds" />
    <param name="secure:svn-password" value="zxx8eceec343b6e010ae87796e4cdbf1986" />
    <param name="svn-config-directory" value="C:\Windows\system32\config\systemprofile\AppData\Roaming\Subversion" />
    <param name="svn-use-default-config-directory" value="true" />
    <param name="url" value="http://www.flatredball.com/Engine/Trunk" />
    <param name="user" value="zdman" />
    <param name="working-copy-format" value="1.7" />
  </vcs-root>
  <vcs-root id="4" name="FlatRedBallAddOns" type="svn">
    <scope level="project" project-id="project2" />
    <param name="externals-mode" value="externals-none" />
    <param name="labelingMessage" value="Labeled automatically by TeamCity" />
    <param name="labelingPatterns" value=".=&gt;../tags/dailybuilds" />
    <param name="secure:svn-password" value="zxx8eceec343b6e010ae87796e4cdbf1986" />
    <param name="svn-config-directory" value="C:\Windows\system32\config\systemprofile\AppData\Roaming\Subversion" />
    <param name="svn-use-default-config-directory" value="true" />
    <param name="url" value="http://flatredball.com/FlatRedBallAddOns/Trunk" />
    <param name="user" value="zdman" />
    <param name="working-copy-format" value="1.7" />
  </vcs-root>
  <vcs-root id="5" name="FlatSilverBall" type="svn">
    <scope level="project" project-id="project2" />
    <param name="externals-mode" value="externals-none" />
    <param name="labelingMessage" value="Labeled automatically by TeamCity" />
    <param name="labelingPatterns" value=".=&gt;../tags/dailybuilds" />
    <param name="secure:svn-password" value="zxx8eceec343b6e010ae87796e4cdbf1986" />
    <param name="svn-config-directory" value="C:\Windows\system32\config\systemprofile\AppData\Roaming\Subversion" />
    <param name="svn-use-default-config-directory" value="true" />
    <param name="url" value="http://www.flatredball.com/FlatSilverBall/Trunk" />
    <param name="user" value="zdman" />
    <param name="working-copy-format" value="1.7" />
  </vcs-root>
  <vcs-root id="6" name="SilverSprite" type="svn">
    <scope level="project" project-id="project2" />
    <param name="externals-mode" value="externals-none" />
    <param name="labelingMessage" value="Labeled automatically by TeamCity" />
    <param name="labelingPatterns" value="trunk=&gt;tags" />
    <param name="svn-config-directory" value="C:\Windows\system32\config\systemprofile\AppData\Roaming\Subversion" />
    <param name="svn-use-default-config-directory" value="true" />
    <param name="url" value="https://silversprite.svn.codeplex.com/svn/SL4" />
    <param name="working-copy-format" value="1.7" />
  </vcs-root>
  <vcs-root id="7" name="FlatRedBallAndroid" type="svn">
    <scope level="project" project-id="project2" />
    <param name="externals-mode" value="externals-none" />
    <param name="labelingMessage" value="Labeled automatically by TeamCity" />
    <param name="labelingPatterns" value=".=&gt;../tags/dailybuilds" />
    <param name="secure:svn-password" value="zxx8eceec343b6e010ae87796e4cdbf1986" />
    <param name="svn-config-directory" value="C:\Windows\system32\config\systemprofile\AppData\Roaming\Subversion" />
    <param name="svn-use-default-config-directory" value="true" />
    <param name="url" value="http://www.flatredball.com/FlatRedBallAndroid/Trunk" />
    <param name="user" value="zdman" />
    <param name="working-copy-format" value="1.7" />
  </vcs-root>
  <vcs-root id="8" name="FlatRedBallMonoDroid" type="svn">
    <scope level="project" project-id="project2" />
    <param name="externals-mode" value="externals-none" />
    <param name="labelingMessage" value="Labeled automatically by TeamCity" />
    <param name="labelingPatterns" value="./=&gt;../tags/dailybuilds/" />
    <param name="secure:svn-password" value="zxx8eceec343b6e010ae87796e4cdbf1986" />
    <param name="svn-config-directory" value="C:\Windows\system32\config\systemprofile\AppData\Roaming\Subversion" />
    <param name="svn-use-default-config-directory" value="true" />
    <param name="url" value="http://www.flatredball.com/FlatRedBallMonoDroid/Trunk" />
    <param name="user" value="zdman" />
    <param name="working-copy-format" value="1.5" />
  </vcs-root>
  <vcs-root id="9" name="MonoGame" type="jetbrains.git">
    <scope level="global" />
    <param name="agentCleanFilesPolicy" value="ALL_UNTRACKED" />
    <param name="agentCleanPolicy" value="ALWAYS" />
    <param name="authMethod" value="ANONYMOUS" />
    <param name="branch" value="develop" />
    <param name="ignoreKnownHosts" value="true" />
    <param name="submoduleCheckout" value="IGNORE" />
    <param name="url" value="https://sdancer@github.com/sdancer/MonoGame.git" />
    <param name="usernameStyle" value="USERID" />
  </vcs-root>
  <vcs-root id="10" name="UdderChaos" type="svn">
    <scope level="project" project-id="project2" />
    <param name="externals-mode" value="externals-none" />
    <param name="labelingMessage" value="Labeled automatically by TeamCity" />
    <param name="labelingPatterns" value="./=&gt;../tags/dailybuilds/" />
    <param name="secure:svn-password" value="zxx8eceec343b6e010ae87796e4cdbf1986" />
    <param name="svn-config-directory" value="C:\Windows\system32\config\systemprofile\AppData\Roaming\Subversion" />
    <param name="svn-use-default-config-directory" value="true" />
    <param name="url" value="http://www.flatredball.com/UdderChaos/" />
    <param name="user" value="zdman" />
    <param name="working-copy-format" value="1.5" />
  </vcs-root>
  <vcs-root id="11" name="MonoGameTest" type="jetbrains.git">
    <scope level="project" project-id="project2" />
    <param name="agentCleanFilesPolicy" value="ALL_UNTRACKED" />
    <param name="agentCleanPolicy" value="ON_BRANCH_CHANGE" />
    <param name="agentGitPath" value="%env.TEAMCITY_GIT_PATH%" />
    <param name="authMethod" value="ANONYMOUS" />
    <param name="branch" value="develop" />
    <param name="ignoreKnownHosts" value="true" />
    <param name="submoduleCheckout" value="CHECKOUT" />
    <param name="url" value="https://sdancer@github.com/mono/MonoGame.git" />
    <param name="usernameStyle" value="USERID" />
  </vcs-root>
  <vcs-root id="12" name="FRBDK" type="svn">
    <scope level="project" project-id="project2" />
    <param name="externals-mode" value="externals-none" />
    <param name="labelingMessage" value="Labeled automatically by TeamCity" />
    <param name="labelingPatterns" value="./=&gt;../tags/dailybuilds/" />
    <param name="secure:svn-password" value="zxx8eceec343b6e010ae87796e4cdbf1986" />
    <param name="svn-config-directory" value="C:\Windows\system32\config\systemprofile\AppData\Roaming\Subversion" />
    <param name="svn-use-default-config-directory" value="true" />
    <param name="url" value="http://www.flatredball.com/FRBDK/Trunk" />
    <param name="user" value="zdman" />
    <param name="working-copy-format" value="1.7" />
  </vcs-root>
  <vcs-root id="13" name="FRBDK2" type="svn">
    <scope level="project" project-id="project2" />
    <param name="enforce-revert" value="true" />
    <param name="externals-mode" value="externals-none" />
    <param name="labelingMessage" value="Labeled automatically by TeamCity" />
    <param name="labelingPatterns" value="./=&gt;../tags/dailybuilds/" />
    <param name="secure:svn-password" value="zxx8eceec343b6e010ae87796e4cdbf1986" />
    <param name="svn-config-directory" value="C:\Windows\system32\config\systemprofile\AppData\Roaming\Subversion" />
    <param name="svn-use-default-config-directory" value="true" />
    <param name="url" value="http://www.flatredball.com/FRBDK/Trunk" />
    <param name="user" value="zdman" />
    <param name="working-copy-format" value="1.7" />
  </vcs-root>
  <vcs-root id="14" name="FlatRedBallXNA2" type="svn">
    <scope level="project" project-id="project2" />
    <param name="externals-mode" value="externals-none" />
    <param name="labelingMessage" value="Labeled automatically by TeamCity" />
    <param name="labelingPatterns" value="./=&gt;../tags/dailybuilds/" />
    <param name="secure:svn-password" value="zxx8eceec343b6e010ae87796e4cdbf1986" />
    <param name="svn-config-directory" value="C:\Windows\system32\config\systemprofile\AppData\Roaming\Subversion" />
    <param name="svn-use-default-config-directory" value="true" />
    <param name="url" value="http://www.flatredball.com/EngineXNA/Trunk" />
    <param name="user" value="zdman" />
    <param name="working-copy-format" value="1.7" />
  </vcs-root>
  <vcs-root id="15" name="Templates" type="svn">
    <scope level="project" project-id="project2" />
    <param name="externals-mode" value="externals-none" />
    <param name="labelingMessage" value="Labeled automatically by TeamCity" />
    <param name="labelingPatterns" value="./=&gt;../tags/dailybuilds/" />
    <param name="secure:svn-password" value="zxx8eceec343b6e010ae87796e4cdbf1986" />
    <param name="svn-config-directory" value="C:\Windows\system32\config\systemprofile\AppData\Roaming\Subversion" />
    <param name="svn-use-default-config-directory" value="true" />
    <param name="url" value="http://www.flatredball.com/CodeTemplates/" />
    <param name="user" value="zdman" />
    <param name="working-copy-format" value="1.7" />
  </vcs-root>
  <vcs-root id="17" name="FrbTests" type="svn">
    <scope level="global" />
    <param name="externals-mode" value="externals-none" />
    <param name="labelingMessage" value="Labeled automatically by TeamCity" />
    <param name="labelingPatterns" value="trunk=&gt;tags" />
    <param name="secure:svn-password" value="zxx8eceec343b6e010ae87796e4cdbf1986" />
    <param name="svn-config-directory" value="C:\Windows\system32\config\systemprofile\AppData\Roaming\Subversion" />
    <param name="svn-use-default-config-directory" value="true" />
    <param name="url" value="http://www.flatredball.com/FrbTests/" />
    <param name="user" value="zdman" />
    <param name="working-copy-format" value="1.7" />
  </vcs-root>
  <vcs-root id="16" name="FRBDK3" type="svn">
    <scope level="global" />
    <param name="enforce-revert" value="true" />
    <param name="externals-mode" value="externals-none" />
    <param name="labelingMessage" value="Labeled automatically by TeamCity" />
    <param name="labelingPatterns" value="./=&gt;../tags/dailybuilds/" />
    <param name="secure:svn-password" value="zxx8eceec343b6e010ae87796e4cdbf1986" />
    <param name="svn-config-directory" value="C:\Windows\system32\config\systemprofile\AppData\Roaming\Subversion" />
    <param name="svn-use-default-config-directory" value="true" />
    <param name="url" value="http://www.flatredball.com/FRBDK/Trunk" />
    <param name="user" value="zdman" />
    <param name="working-copy-format" value="1.7" />
  </vcs-root>
</vcs-roots>

