<?xml version="1.0" encoding="UTF-8"?>
<!DOCTYPE project SYSTEM "../project-config.dtd">

<project id="project2">
  <parameters />
  <template id="btTemplate4" name="FlatRedBall">
    <settings>
      <options>
        <option name="cleanBuild" value="true" />
      </options>
      <disabled-settings>
        <setting-ref ref="RUNNER_33" />
      </disabled-settings>
      <parameters>
        <param name="system.Config" value="/p:config=Debug" />
        <param name="system.WarningLevel" value="1" />
      </parameters>
      <build-runners>
        <runner id="RUNNER_64" name="BuildServerUploader" type="VS.Solution">
          <parameters>
            <param name="build-file-path" value="FRBDK/BuildServerUploader/BuildServerUploader.sln" />
            <param name="msbuild.prop.Configuration" value="BuildServer" />
            <param name="msbuild.prop.Platform" value="x86" />
            <param name="msbuild_version" value="3.5" />
            <param name="run-platform" value="x86" />
            <param name="targets" value="Rebuild" />
            <param name="toolsVersion" value="3.5" />
            <param name="vs.version" value="vs2008" />
          </parameters>
        </runner>
        <runner id="RUNNER_1" name="FlatRedBall MDX" type="VS.Solution">
          <parameters>
            <param name="build-file-path" value="Engines/FlatRedBallMDX/FRB.sln" />
            <param name="msbuild.prop.Configuration" value="Debug Docs" />
            <param name="msbuild.prop.Platform" value="x86" />
            <param name="msbuild_version" value="3.5" />
            <param name="run-platform" value="x86" />
            <param name="targets" value="Rebuild" />
            <param name="toolsVersion" value="3.5" />
            <param name="vs.version" value="vs2008" />
          </parameters>
        </runner>
        <runner id="RUNNER_2" name="XNA 3.1 (PC)" type="VS.Solution">
          <parameters>
            <param name="build-file-path" value="Engines/FlatRedBallXNA/FlatRedBall/FlatRedBall.sln" />
            <param name="msbuild.prop.Configuration" value="Debug Docs" />
            <param name="msbuild.prop.Platform" value="x86" />
            <param name="msbuild_version" value="3.5" />
            <param name="run-platform" value="x86" />
            <param name="targets" value="Rebuild" />
            <param name="toolsVersion" value="3.5" />
            <param name="vs.version" value="vs2008" />
          </parameters>
        </runner>
        <runner id="RUNNER_4" name="XNA 4.0 (PC)" type="VS.Solution">
          <parameters>
            <param name="build-file-path" value="Engines/FlatRedBallXNA/FlatRedBall/FlatRedBallXna4.sln" />
            <param name="msbuild.prop.Configuration" value="Debug Docs" />
            <param name="msbuild.prop.Platform" value="x86" />
            <param name="msbuild_version" value="4.0" />
            <param name="run-platform" value="x86" />
            <param name="targets" value="Rebuild" />
            <param name="toolsVersion" value="4.0" />
            <param name="vs.version" value="vs2010" />
          </parameters>
        </runner>
        <runner id="RUNNER_5" name="XNA 4.0 (Xbox 360)" type="VS.Solution">
          <parameters>
            <param name="build-file-path" value="Engines/FlatRedBallXNA/FlatRedBall/FlatRedBallXna4.sln" />
            <param name="msbuild.prop.Configuration" value="Debug Docs" />
            <param name="msbuild.prop.Platform" value="Xbox 360" />
            <param name="msbuild_version" value="4.0" />
            <param name="run-platform" value="x86" />
            <param name="targets" value="Rebuild" />
            <param name="toolsVersion" value="4.0" />
            <param name="vs.version" value="vs2010" />
          </parameters>
        </runner>
        <runner id="RUNNER_6" name="XNA 4.0 (Windows Phone)" type="MSBuild">
          <parameters>
            <param name="build-file-path" value="Engines/FlatRedBallXNA/FlatRedBall/FlatRedBallWindowsPhone.csproj" />
            <param name="dotNetCoverage.NCover.HTMLReport.File.Sort" value="0" />
            <param name="dotNetCoverage.NCover.HTMLReport.File.Type" value="1" />
            <param name="dotNetCoverage.NCover.Reg" value="selected" />
            <param name="dotNetCoverage.NCover.platformBitness" value="x86" />
            <param name="dotNetCoverage.NCover.platformVersion" value="v2.0" />
            <param name="dotNetCoverage.NCover3.Reg" value="selected" />
            <param name="dotNetCoverage.NCover3.args" value="//ias .*" />
            <param name="dotNetCoverage.NCover3.platformBitness" value="x86" />
            <param name="dotNetCoverage.NCover3.platformVersion" value="v2.0" />
            <param name="dotNetCoverage.NCover3.reporter.executable.args" value="//or FullCoverageReport:Html:{teamcity.report.path}" />
            <param name="dotNetCoverage.PartCover.Reg" value="selected" />
            <param name="dotNetCoverage.PartCover.includes" value="[*]*" />
            <param name="dotNetCoverage.PartCover.platformBitness" value="x86" />
            <param name="dotNetCoverage.PartCover.platformVersion" value="v2.0" />
            <param name="msbuild_version" value="4.0" />
            <param name="run-platform" value="x86" />
            <param name="runnerArgs" value="%system.Config%" />
            <param name="targets" value="Rebuild" />
            <param name="toolsVersion" value="4.0" />
          </parameters>
        </runner>
        <runner id="RUNNER_42" name="FlatRedBallMonoDroid" type="VS.Solution">
          <parameters>
            <param name="build-file-path" value="Engines/FlatRedBallMonoDroid/FlatRedBallMonoDroid/FlatRedBallMonoDroid.sln" />
            <param name="msbuild.prop.Configuration" value="Debug" />
            <param name="msbuild_version" value="4.0" />
            <param name="run-platform" value="x86" />
            <param name="targets" value="Rebuild" />
            <param name="toolsVersion" value="4.0" />
            <param name="vs.version" value="vs2010" />
          </parameters>
        </runner>
        <runner id="RUNNER_9" name="SilverSprite Core" type="MSBuild">
          <parameters>
            <param name="build-file-path" value="Engines\FlatSilverBall\SilverSpriteSource\SilverArcade.SilverSprite.Core\SilverArcade.SilverSprite.Core.csproj" />
            <param name="dotNetCoverage.NCover.HTMLReport.File.Sort" value="0" />
            <param name="dotNetCoverage.NCover.HTMLReport.File.Type" value="1" />
            <param name="dotNetCoverage.NCover.Reg" value="selected" />
            <param name="dotNetCoverage.NCover.platformBitness" value="x86" />
            <param name="dotNetCoverage.NCover.platformVersion" value="v2.0" />
            <param name="dotNetCoverage.NCover3.Reg" value="selected" />
            <param name="dotNetCoverage.NCover3.args" value="//ias .*" />
            <param name="dotNetCoverage.NCover3.platformBitness" value="x86" />
            <param name="dotNetCoverage.NCover3.platformVersion" value="v2.0" />
            <param name="dotNetCoverage.NCover3.reporter.executable.args" value="//or FullCoverageReport:Html:{teamcity.report.path}" />
            <param name="dotNetCoverage.PartCover.Reg" value="selected" />
            <param name="dotNetCoverage.PartCover.includes" value="[*]*" />
            <param name="dotNetCoverage.PartCover.platformBitness" value="x86" />
            <param name="dotNetCoverage.PartCover.platformVersion" value="v2.0" />
            <param name="msbuild_version" value="4.0" />
            <param name="run-platform" value="x86" />
            <param name="toolsVersion" value="4.0" />
          </parameters>
        </runner>
        <runner id="RUNNER_8" name="SilverSprite" type="MSBuild">
          <parameters>
            <param name="build-file-path" value="Engines\FlatSilverBall\SilverSpriteSource\SilverArcade.SilverSprite\SilverArcade.SilverSprite.csproj" />
            <param name="dotNetCoverage.NCover.HTMLReport.File.Sort" value="0" />
            <param name="dotNetCoverage.NCover.HTMLReport.File.Type" value="1" />
            <param name="dotNetCoverage.NCover.Reg" value="selected" />
            <param name="dotNetCoverage.NCover.platformBitness" value="x86" />
            <param name="dotNetCoverage.NCover.platformVersion" value="v2.0" />
            <param name="dotNetCoverage.NCover3.Reg" value="selected" />
            <param name="dotNetCoverage.NCover3.args" value="//ias .*" />
            <param name="dotNetCoverage.NCover3.platformBitness" value="x86" />
            <param name="dotNetCoverage.NCover3.platformVersion" value="v2.0" />
            <param name="dotNetCoverage.NCover3.reporter.executable.args" value="//or FullCoverageReport:Html:{teamcity.report.path}" />
            <param name="dotNetCoverage.PartCover.Reg" value="selected" />
            <param name="dotNetCoverage.PartCover.includes" value="[*]*" />
            <param name="dotNetCoverage.PartCover.platformBitness" value="x86" />
            <param name="dotNetCoverage.PartCover.platformVersion" value="v2.0" />
            <param name="msbuild_version" value="4.0" />
            <param name="run-platform" value="x86" />
            <param name="toolsVersion" value="4.0" />
          </parameters>
        </runner>
        <runner id="RUNNER_7" name="FlatSilverBall" type="MSBuild">
          <parameters>
            <param name="build-file-path" value="Engines\FlatSilverBall\FlatSilverBall\FlatRedBall.csproj" />
            <param name="dotNetCoverage.NCover.HTMLReport.File.Sort" value="0" />
            <param name="dotNetCoverage.NCover.HTMLReport.File.Type" value="1" />
            <param name="dotNetCoverage.NCover.Reg" value="selected" />
            <param name="dotNetCoverage.NCover.platformBitness" value="x86" />
            <param name="dotNetCoverage.NCover.platformVersion" value="v2.0" />
            <param name="dotNetCoverage.NCover3.Reg" value="selected" />
            <param name="dotNetCoverage.NCover3.args" value="//ias .*" />
            <param name="dotNetCoverage.NCover3.platformBitness" value="x86" />
            <param name="dotNetCoverage.NCover3.platformVersion" value="v2.0" />
            <param name="dotNetCoverage.NCover3.reporter.executable.args" value="//or FullCoverageReport:Html:{teamcity.report.path}" />
            <param name="dotNetCoverage.PartCover.Reg" value="selected" />
            <param name="dotNetCoverage.PartCover.includes" value="[*]*" />
            <param name="dotNetCoverage.PartCover.platformBitness" value="x86" />
            <param name="dotNetCoverage.PartCover.platformVersion" value="v2.0" />
            <param name="msbuild_version" value="4.0" />
            <param name="run-platform" value="x86" />
            <param name="toolsVersion" value="4.0" />
          </parameters>
        </runner>
        <runner id="RUNNER_10" name="AIEditor" type="VS.Solution">
          <parameters>
            <param name="build-file-path" value="FRBDK/AIEditor/AIEditor/AIEditorXna.sln" />
            <param name="msbuild.prop.Configuration" value="Debug" />
            <param name="msbuild.prop.Platform" value="x86" />
            <param name="msbuild_version" value="3.5" />
            <param name="run-platform" value="x86" />
            <param name="targets" value="Rebuild" />
            <param name="toolsVersion" value="3.5" />
            <param name="vs.version" value="vs2008" />
          </parameters>
        </runner>
        <runner id="RUNNER_11" name="AnimationEditor" type="VS.Solution">
          <parameters>
            <param name="build-file-path" value="FRBDK/AnimationEditor/AnimationEditor.sln" />
            <param name="msbuild.prop.Configuration" value="Debug" />
            <param name="msbuild.prop.Platform" value="x86" />
            <param name="msbuild_version" value="3.5" />
            <param name="run-platform" value="x86" />
            <param name="targets" value="Rebuild" />
            <param name="toolsVersion" value="3.5" />
            <param name="vs.version" value="vs2008" />
          </parameters>
        </runner>
        <runner id="RUNNER_13" name="BitmapFontGenerator" type="VS.Solution">
          <parameters>
            <param name="build-file-path" value="FRBDK/BitmapFontGenerator/source/bmfont.sln" />
            <param name="msbuild.prop.Configuration" value="Debug" />
            <param name="msbuild.prop.Platform" value="Win32" />
            <param name="msbuild_version" value="4.0" />
            <param name="run-platform" value="x86" />
            <param name="targets" value="Rebuild" />
            <param name="toolsVersion" value="4.0" />
            <param name="vs.version" value="vs2010" />
          </parameters>
        </runner>
        <runner id="RUNNER_17" name="FilteringHaloRemover" type="VS.Solution">
          <parameters>
            <param name="build-file-path" value="FRBDK/FilteringHaloRemover/FilteringHaloRemover.sln" />
            <param name="msbuild.prop.Configuration" value="Debug" />
            <param name="msbuild_version" value="3.5" />
            <param name="run-platform" value="x86" />
            <param name="targets" value="Rebuild" />
            <param name="toolsVersion" value="3.5" />
            <param name="vs.version" value="vs2008" />
          </parameters>
        </runner>
        <runner id="RUNNER_19" name="Glue" type="VS.Solution">
          <parameters>
            <param name="build-file-path" value="FRBDK/Glue/Glue.sln" />
            <param name="msbuild.prop.Configuration" value="Debug" />
            <param name="msbuild.prop.Platform" value="x86" />
            <param name="msbuild_version" value="4.0" />
            <param name="run-platform" value="x86" />
            <param name="targets" value="Rebuild" />
            <param name="toolsVersion" value="4.0" />
            <param name="vs.version" value="vs2010" />
          </parameters>
        </runner>
        <runner id="RUNNER_20" name="GlueView" type="VS.Solution">
          <parameters>
            <param name="build-file-path" value="FRBDK/GlueView/GlueView/GlueView.sln" />
            <param name="msbuild.prop.Configuration" value="Debug" />
            <param name="msbuild.prop.Platform" value="x86" />
            <param name="msbuild_version" value="4.0" />
            <param name="run-platform" value="x86" />
            <param name="targets" value="Rebuild" />
            <param name="toolsVersion" value="4.0" />
            <param name="vs.version" value="vs2010" />
          </parameters>
        </runner>
        <runner id="RUNNER_26" name="ModelEditor" type="VS.Solution">
          <parameters>
            <param name="build-file-path" value="FRBDK/ModelEditor/ModelEditor.sln" />
            <param name="msbuild.prop.Configuration" value="Debug" />
            <param name="msbuild.prop.Platform" value="x86" />
            <param name="msbuild_version" value="3.5" />
            <param name="run-platform" value="x86" />
            <param name="targets" value="Rebuild" />
            <param name="toolsVersion" value="3.5" />
            <param name="vs.version" value="vs2008" />
          </parameters>
        </runner>
        <runner id="RUNNER_27" name="NewProjectCreator" type="MSBuild">
          <parameters>
            <param name="build-file-path" value="FRBDK/NewProjectCreator/NewProjectCreator.sln" />
            <param name="dotNetCoverage.NCover.HTMLReport.File.Sort" value="0" />
            <param name="dotNetCoverage.NCover.HTMLReport.File.Type" value="1" />
            <param name="dotNetCoverage.NCover.Reg" value="selected" />
            <param name="dotNetCoverage.NCover.platformBitness" value="x86" />
            <param name="dotNetCoverage.NCover.platformVersion" value="v2.0" />
            <param name="dotNetCoverage.NCover3.Reg" value="selected" />
            <param name="dotNetCoverage.NCover3.args" value="//ias .*" />
            <param name="dotNetCoverage.NCover3.platformBitness" value="x86" />
            <param name="dotNetCoverage.NCover3.platformVersion" value="v2.0" />
            <param name="dotNetCoverage.NCover3.reporter.executable.args" value="//or FullCoverageReport:Html:{teamcity.report.path}" />
            <param name="dotNetCoverage.PartCover.Reg" value="selected" />
            <param name="dotNetCoverage.PartCover.includes" value="[*]*" />
            <param name="dotNetCoverage.PartCover.platformBitness" value="x86" />
            <param name="dotNetCoverage.PartCover.platformVersion" value="v2.0" />
            <param name="msbuild_version" value="4.0" />
            <param name="run-platform" value="x86" />
            <param name="targets" value="Rebuild" />
            <param name="toolsVersion" value="4.0" />
          </parameters>
        </runner>
        <runner id="RUNNER_28" name="ParticleEditor" type="VS.Solution">
          <parameters>
            <param name="build-file-path" value="FRBDK/ParticleEditor/ParticleEditorXna.sln" />
            <param name="msbuild.prop.Configuration" value="Debug" />
            <param name="msbuild.prop.Platform" value="x86" />
            <param name="msbuild_version" value="3.5" />
            <param name="run-platform" value="x86" />
            <param name="targets" value="Rebuild" />
            <param name="toolsVersion" value="3.5" />
            <param name="vs.version" value="vs2008" />
          </parameters>
        </runner>
        <runner id="RUNNER_29" name="PolygonEditor" type="VS.Solution">
          <parameters>
            <param name="build-file-path" value="FRBDK/PolygonEditor/PolygonEditor/PolygonEditorXna.sln" />
            <param name="msbuild.prop.Configuration" value="Debug" />
            <param name="msbuild.prop.Platform" value="x86" />
            <param name="msbuild_version" value="3.5" />
            <param name="run-platform" value="x86" />
            <param name="targets" value="Rebuild" />
            <param name="toolsVersion" value="3.5" />
            <param name="vs.version" value="vs2008" />
          </parameters>
        </runner>
        <runner id="RUNNER_30" name="ReleaseAssistant (Xna)" type="VS.Solution">
          <parameters>
            <param name="build-file-path" value="FRBDK/Release Assistant/FrbXnaReleaseAssistant/FrbXnaReleaseAssistant.sln" />
            <param name="msbuild.prop.Configuration" value="Debug" />
            <param name="msbuild.prop.Platform" value="x86" />
            <param name="msbuild_version" value="3.5" />
            <param name="run-platform" value="x86" />
            <param name="targets" value="Rebuild" />
            <param name="toolsVersion" value="3.5" />
            <param name="vs.version" value="vs2008" />
          </parameters>
        </runner>
        <runner id="RUNNER_31" name="SplineEditor" type="VS.Solution">
          <parameters>
            <param name="build-file-path" value="FRBDK/SplineEditor/SplineEditor.sln" />
            <param name="msbuild.prop.Configuration" value="Debug" />
            <param name="msbuild.prop.Platform" value="x86" />
            <param name="msbuild_version" value="3.5" />
            <param name="run-platform" value="x86" />
            <param name="targets" value="Rebuild" />
            <param name="toolsVersion" value="3.5" />
            <param name="vs.version" value="vs2008" />
          </parameters>
        </runner>
        <runner id="RUNNER_32" name="SpriteEditor" type="VS.Solution">
          <parameters>
            <param name="build-file-path" value="FRBDK/SpriteEditor/SpriteEditor.sln" />
            <param name="msbuild.prop.Configuration" value="Debug" />
            <param name="msbuild.prop.Platform" value="x86" />
            <param name="msbuild_version" value="3.5" />
            <param name="run-platform" value="x86" />
            <param name="targets" value="Rebuild" />
            <param name="toolsVersion" value="3.5" />
            <param name="vs.version" value="vs2008" />
          </parameters>
        </runner>
        <runner id="RUNNER_33" name="TileEditor" type="VS.Solution">
          <parameters>
            <param name="build-file-path" value="FRBDK/TileEditor/TileEditor.sln" />
            <param name="msbuild.prop.Configuration" value="Debug" />
            <param name="msbuild.prop.Platform" value="x86" />
            <param name="msbuild_version" value="3.5" />
            <param name="run-platform" value="x86" />
            <param name="targets" value="Rebuild" />
            <param name="toolsVersion" value="3.5" />
            <param name="vs.version" value="vs2008" />
          </parameters>
        </runner>
        <runner id="RUNNER_34" name="WikiHelper" type="VS.Solution">
          <parameters>
            <param name="build-file-path" value="FRBDK/WikiHelper/WikiHelper.sln" />
            <param name="msbuild.prop.Configuration" value="Debug" />
            <param name="msbuild.prop.Platform" value="x86" />
            <param name="msbuild_version" value="4.0" />
            <param name="run-platform" value="x86" />
            <param name="targets" value="Rebuild" />
            <param name="toolsVersion" value="4.0" />
            <param name="vs.version" value="vs2010" />
          </parameters>
        </runner>
        <runner id="RUNNER_35" name="XMLObjectEditor" type="VS.Solution">
          <parameters>
            <param name="build-file-path" value="FRBDK/XMLObjectEditor/XMLObjectEditor.sln" />
            <param name="msbuild.prop.Configuration" value="Debug" />
            <param name="msbuild.prop.Platform" value="x86" />
            <param name="msbuild_version" value="3.5" />
            <param name="run-platform" value="x86" />
            <param name="targets" value="Rebuild" />
            <param name="toolsVersion" value="3.5" />
            <param name="vs.version" value="vs2008" />
          </parameters>
        </runner>
        <runner id="RUNNER_53" name="Copy dlls to Templates" type="simpleRunner">
          <parameters>
            <param name="command.executable" value="FRBDK/BuildServerUploader/BuildServerUploaderConsole/bin/x86/BuildServer/BuildServerUploaderConsole.exe" />
            <param name="command.parameters" value="copytotemplates" />
          </parameters>
        </runner>
        <runner id="RUNNER_54" name="FlatRedBall MDX Template" type="VS.Solution">
          <parameters>
            <param name="build-file-path" value="Templates/FlatRedBall MDX Template/FlatRedBallMdxTemplate.sln" />
            <param name="msbuild.prop.Configuration" value="Debug" />
            <param name="msbuild.prop.Platform" value="x86" />
            <param name="msbuild_version" value="3.5" />
            <param name="run-platform" value="x86" />
            <param name="targets" value="Rebuild" />
            <param name="toolsVersion" value="3.5" />
            <param name="vs.version" value="vs2008" />
          </parameters>
        </runner>
        <runner id="RUNNER_55" name="FlatRedBall XNA Template" type="VS.Solution">
          <parameters>
            <param name="build-file-path" value="Templates/FlatRedBall XNA Template/FlatRedBallXNATemplate.sln" />
            <param name="msbuild.prop.Configuration" value="Debug" />
            <param name="msbuild.prop.Platform" value="x86" />
            <param name="msbuild_version" value="3.5" />
            <param name="run-platform" value="x86" />
            <param name="targets" value="Rebuild" />
            <param name="toolsVersion" value="3.5" />
            <param name="vs.version" value="vs2008" />
          </parameters>
        </runner>
        <runner id="RUNNER_56" name="FlatRedBallMonoDroidTemplate" type="VS.Solution">
          <parameters>
            <param name="build-file-path" value="Templates/FlatRedBallMonoDroidTemplate/FlatRedBallMonoDroidTemplate.sln" />
            <param name="msbuild.prop.Configuration" value="Debug" />
            <param name="msbuild.prop.Platform" value="Any CPU" />
            <param name="msbuild_version" value="4.0" />
            <param name="run-platform" value="x86" />
            <param name="targets" value="Rebuild" />
            <param name="toolsVersion" value="4.0" />
            <param name="vs.version" value="vs2010" />
          </parameters>
        </runner>
        <runner id="RUNNER_57" name="FlatRedBallPhoneTemplate" type="VS.Solution">
          <parameters>
            <param name="build-file-path" value="Templates/FlatRedBallPhoneTemplate/FlatRedBallPhoneTemplate.sln" />
            <param name="msbuild.prop.Configuration" value="Debug" />
            <param name="msbuild.prop.Platform" value="Windows Phone" />
            <param name="msbuild_version" value="4.0" />
            <param name="run-platform" value="x86" />
            <param name="targets" value="Rebuild" />
            <param name="toolsVersion" value="4.0" />
            <param name="vs.version" value="vs2010" />
          </parameters>
        </runner>
        <runner id="RUNNER_58" name="FlatRedBallXna4_360Template" type="VS.Solution">
          <parameters>
            <param name="build-file-path" value="Templates/FlatRedBallXna4_360Template/FlatRedBallXna4Template.sln" />
            <param name="msbuild.prop.Configuration" value="Debug" />
            <param name="msbuild.prop.Platform" value="Xbox 360" />
            <param name="msbuild_version" value="4.0" />
            <param name="run-platform" value="x86" />
            <param name="targets" value="Rebuild" />
            <param name="toolsVersion" value="4.0" />
            <param name="vs.version" value="vs2010" />
          </parameters>
        </runner>
        <runner id="RUNNER_59" name="FlatRedBallXna4Template" type="VS.Solution">
          <parameters>
            <param name="build-file-path" value="Templates/FlatRedBallXna4Template/FlatRedBallXna4Template.sln" />
            <param name="msbuild.prop.Configuration" value="Debug" />
            <param name="msbuild.prop.Platform" value="x86" />
            <param name="msbuild_version" value="4.0" />
            <param name="run-platform" value="x86" />
            <param name="targets" value="Rebuild" />
            <param name="toolsVersion" value="4.0" />
            <param name="vs.version" value="vs2010" />
          </parameters>
        </runner>
        <runner id="RUNNER_60" name="GluePluginTemplate" type="VS.Solution">
          <parameters>
            <param name="build-file-path" value="Templates/GluePluginTemplate/GluePluginTemplate.sln" />
            <param name="msbuild.prop.Configuration" value="Debug" />
            <param name="msbuild.prop.Platform" value="Any CPU" />
            <param name="msbuild_version" value="4.0" />
            <param name="run-platform" value="x86" />
            <param name="targets" value="Rebuild" />
            <param name="toolsVersion" value="4.0" />
            <param name="vs.version" value="vs2010" />
          </parameters>
        </runner>
      </build-runners>
      <vcs-settings checkout-mode="ON_SERVER" checkout-dir="FlatRedBallProjects" labeling-type="NONE" labeling-pattern="DailyBuild-%build.number%">
        <vcs-entry-ref root-id="3" set-label="false">
          <checkout-rule rule="+:.=&gt;Engines/FlatRedBallMDX" />
        </vcs-entry-ref>
        <vcs-entry-ref root-id="4" set-label="false">
          <checkout-rule rule="+:.=&gt;Engines/FlatRedBallAddOns" />
        </vcs-entry-ref>
        <vcs-entry-ref root-id="5" set-label="false">
          <checkout-rule rule="+:.=&gt;Engines/FlatSilverBall" />
        </vcs-entry-ref>
        <vcs-entry-ref root-id="7" set-label="false">
          <checkout-rule rule="+:.=&gt;Engines/Workspace/FlatRedBallAndroid" />
        </vcs-entry-ref>
        <vcs-entry-ref root-id="14" set-label="false">
          <checkout-rule rule="+:.=&gt;Engines/FlatRedBallXNA" />
        </vcs-entry-ref>
        <vcs-entry-ref root-id="8" set-label="false">
          <checkout-rule rule="+:.=&gt;Engines/FlatRedBallMonoDroid" />
        </vcs-entry-ref>
        <vcs-entry-ref root-id="9" set-label="false">
          <checkout-rule rule="+:.=&gt;Engines/FlatRedBallMonoDroid/MonoGame" />
        </vcs-entry-ref>
        <vcs-entry-ref root-id="15" set-label="false">
          <checkout-rule rule="+:.=&gt;Templates" />
        </vcs-entry-ref>
        <vcs-entry-ref root-id="16" set-label="false">
          <checkout-rule rule="+:.=&gt;FRBDK" />
        </vcs-entry-ref>
        <vcs-entry-ref root-id="17" set-label="false">
          <checkout-rule rule="+:.=&gt;FrbTests" />
        </vcs-entry-ref>
      </vcs-settings>
      <requirements />
      <build-triggers />
      <cleanup />
    </settings>
  </template>
  <build-type id="bt2" name="Continuous Build">
    <description />
    <settings ref="btTemplate4">
      <disabled-settings>
        <setting-ref ref="RUNNER_15" />
      </disabled-settings>
      <parameters>
        <param name="system.DebugDocs" value="/p:config=DEBUG" />
      </parameters>
      <build-runners order="RUNNER_64, RUNNER_1, RUNNER_2, RUNNER_4, RUNNER_5, RUNNER_6, RUNNER_42, RUNNER_9, RUNNER_8, RUNNER_7, RUNNER_10, RUNNER_11, RUNNER_13, RUNNER_17, RUNNER_19, RUNNER_20, RUNNER_26, RUNNER_27, RUNNER_28, RUNNER_29, RUNNER_30, RUNNER_31, RUNNER_32, RUNNER_34, RUNNER_35, RUNNER_53, RUNNER_54, RUNNER_55, RUNNER_56, RUNNER_57, RUNNER_58, RUNNER_59, RUNNER_60" />
      <requirements />
      <build-triggers>
        <build-trigger id="vcsTrigger" type="vcsTrigger">
          <parameters>
            <param name="quietPeriod" value="900" />
            <param name="quietPeriodMode" value="USE_CUSTOM" />
          </parameters>
        </build-trigger>
      </build-triggers>
      <cleanup />
    </settings>
  </build-type>
  <build-type id="bt3" name="Daily Build">
    <description />
    <settings ref="btTemplate4">
      <disabled-settings>
        <setting-ref ref="RUNNER_38" />
        <setting-ref ref="RUNNER_39" />
        <setting-ref ref="RUNNER_15" />
      </disabled-settings>
      <parameters />
      <build-runners order="RUNNER_75, RUNNER_76, RUNNER_77, RUNNER_64, RUNNER_1, RUNNER_2, RUNNER_4, RUNNER_5, RUNNER_6, RUNNER_42, RUNNER_9, RUNNER_8, RUNNER_7, RUNNER_10, RUNNER_11, RUNNER_13, RUNNER_17, RUNNER_19, RUNNER_20, RUNNER_26, RUNNER_27, RUNNER_28, RUNNER_29, RUNNER_30, RUNNER_31, RUNNER_32, RUNNER_34, RUNNER_35, RUNNER_53, RUNNER_54, RUNNER_55, RUNNER_56, RUNNER_57, RUNNER_58, RUNNER_59, RUNNER_60, RUNNER_37, RUNNER_39, RUNNER_38, RUNNER_78">
        <runner id="RUNNER_75" name="XNA 3.1 (PC) for BuildServerUploader" type="VS.Solution">
          <parameters>
            <param name="build-file-path" value="Engines/FlatRedBallXNA/FlatRedBall/FlatRedBall.sln" />
            <param name="msbuild.prop.Configuration" value="Debug Docs" />
            <param name="msbuild.prop.Platform" value="x86" />
            <param name="msbuild_version" value="3.5" />
            <param name="run-platform" value="x86" />
            <param name="targets" value="Rebuild" />
            <param name="toolsVersion" value="3.5" />
            <param name="vs.version" value="vs2008" />
          </parameters>
        </runner>
        <runner id="RUNNER_76" name="BuildServerUploader for ChangeVersions" type="VS.Solution">
          <parameters>
            <param name="build-file-path" value="FRBDK/BuildServerUploader/BuildServerUploader.sln" />
            <param name="msbuild.prop.Configuration" value="BuildServer" />
            <param name="msbuild.prop.Platform" value="x86" />
            <param name="msbuild_version" value="3.5" />
            <param name="run-platform" value="x86" />
            <param name="targets" value="Rebuild" />
            <param name="toolsVersion" value="3.5" />
            <param name="vs.version" value="vs2008" />
          </parameters>
        </runner>
        <runner id="RUNNER_77" name="Change Versions" type="simpleRunner">
          <parameters>
            <param name="command.executable" value="FRBDK/BuildServerUploader/BuildServerUploaderConsole/bin/x86/BuildServer/BuildServerUploaderConsole.exe" />
            <param name="command.parameters" value="changeversion" />
          </parameters>
        </runner>
        <runner id="RUNNER_37" name="Build GlueTests" type="VS.Solution">
          <parameters>
            <param name="build-file-path" value="FrbTests/GlueTests/GlueTests.sln" />
            <param name="msbuild.prop.Configuration" value="Debug" />
            <param name="msbuild.prop.Platform" value="x86" />
            <param name="msbuild_version" value="4.0" />
            <param name="run-platform" value="x86" />
            <param name="targets" value="Rebuild" />
            <param name="toolsVersion" value="4.0" />
            <param name="vs.version" value="vs2010" />
          </parameters>
        </runner>
        <runner id="RUNNER_39" name="Build GlueView Unit Tests" type="MSBuild">
          <parameters>
            <param name="build-file-path" value="FRBDK\GlueView\GlueView\GlueViewUnitTests\GlueViewUnitTests.csproj" />
            <param name="dotNetCoverage.NCover.HTMLReport.File.Sort" value="0" />
            <param name="dotNetCoverage.NCover.HTMLReport.File.Type" value="1" />
            <param name="dotNetCoverage.NCover.Reg" value="selected" />
            <param name="dotNetCoverage.NCover.platformBitness" value="x86" />
            <param name="dotNetCoverage.NCover.platformVersion" value="v2.0" />
            <param name="dotNetCoverage.NCover3.Reg" value="selected" />
            <param name="dotNetCoverage.NCover3.args" value="//ias .*" />
            <param name="dotNetCoverage.NCover3.platformBitness" value="x86" />
            <param name="dotNetCoverage.NCover3.platformVersion" value="v2.0" />
            <param name="dotNetCoverage.NCover3.reporter.executable.args" value="//or FullCoverageReport:Html:{teamcity.report.path}" />
            <param name="dotNetCoverage.PartCover.Reg" value="selected" />
            <param name="dotNetCoverage.PartCover.includes" value="[*]*" />
            <param name="dotNetCoverage.PartCover.platformBitness" value="x86" />
            <param name="dotNetCoverage.PartCover.platformVersion" value="v2.0" />
            <param name="msbuild_version" value="4.0" />
            <param name="run-platform" value="x86" />
            <param name="runnerArgs" value="%system.Config%" />
            <param name="targets" value="Rebuild" />
            <param name="toolsVersion" value="4.0" />
          </parameters>
        </runner>
        <runner id="RUNNER_38" name="Unit Tests" type="NUnit">
          <parameters>
            <param name="dotNetCoverage.NCover.HTMLReport.File.Sort" value="0" />
            <param name="dotNetCoverage.NCover.HTMLReport.File.Type" value="1" />
            <param name="dotNetCoverage.NCover.Reg" value="selected" />
            <param name="dotNetCoverage.NCover.platformBitness" value="x86" />
            <param name="dotNetCoverage.NCover.platformVersion" value="v2.0" />
            <param name="dotNetCoverage.NCover3.Reg" value="selected" />
            <param name="dotNetCoverage.NCover3.args" value="//ias .*" />
            <param name="dotNetCoverage.NCover3.platformBitness" value="x86" />
            <param name="dotNetCoverage.NCover3.platformVersion" value="v2.0" />
            <param name="dotNetCoverage.NCover3.reporter.executable.args" value="//or FullCoverageReport:Html:{teamcity.report.path}" />
            <param name="dotNetCoverage.PartCover.Reg" value="selected" />
            <param name="dotNetCoverage.PartCover.includes" value="[*]*" />
            <param name="dotNetCoverage.PartCover.platformBitness" value="x86" />
            <param name="dotNetCoverage.PartCover.platformVersion" value="v2.0" />
            <param name="dotNetTestRunner.Type" value="NUnit" />
            <param name="nunit_enabled" value="checked" />
            <param name="nunit_environment" value="v4.0" />
            <param name="nunit_include"><![CDATA[FrbTests\GlueTests\GlueTests\bin\Debug\GlueTests.exe
FRBDK\GlueView\GlueView\GlueViewUnitTests\bin\Debug\GlueViewUnitTests.exe]]></param>
            <param name="nunit_platform" value="x86" />
            <param name="nunit_process_per_process" value="true" />
            <param name="nunit_version" value="NUnit-2.5.10" />
            <param name="teamcity.tests.runRiskGroupTestsFirst" value="recentlyFailed" />
          </parameters>
        </runner>
        <runner id="RUNNER_78" name="Uploader" type="simpleRunner">
          <parameters>
            <param name="command.executable" value="FRBDK/BuildServerUploader/BuildServerUploaderConsole/bin/x86/BuildServer/BuildServerUploaderConsole.exe" />
            <param name="command.parameters" value="upload" />
          </parameters>
        </runner>
      </build-runners>
      <requirements />
      <build-triggers>
        <build-trigger id="TRIGGER_2" type="schedulingTrigger">
          <parameters>
            <param name="cronExpression_dm" value="*" />
            <param name="cronExpression_dw" value="?" />
            <param name="cronExpression_hour" value="*" />
            <param name="cronExpression_min" value="0" />
            <param name="cronExpression_month" value="*" />
            <param name="cronExpression_sec" value="0" />
            <param name="cronExpression_year" value="*" />
            <param name="dayOfWeek" value="Sunday" />
            <param name="enforceCleanCheckout" value="true" />
            <param name="hour" value="3" />
            <param name="minute" value="0" />
            <param name="schedulingPolicy" value="daily" />
            <param name="triggerBuildWithPendingChangesOnly" value="true" />
          </parameters>
        </build-trigger>
      </build-triggers>
      <cleanup />
    </settings>
  </build-type>
  <build-type id="bt9" name="Manual Build with No Tests">
    <description />
    <settings ref="btTemplate4">
      <parameters />
      <build-runners order="RUNNER_23, RUNNER_24, RUNNER_25, RUNNER_64, RUNNER_1, RUNNER_2, RUNNER_4, RUNNER_5, RUNNER_6, RUNNER_42, RUNNER_9, RUNNER_8, RUNNER_7, RUNNER_10, RUNNER_11, RUNNER_13, RUNNER_17, RUNNER_19, RUNNER_20, RUNNER_26, RUNNER_27, RUNNER_28, RUNNER_29, RUNNER_30, RUNNER_31, RUNNER_32, RUNNER_34, RUNNER_35, RUNNER_53, RUNNER_54, RUNNER_55, RUNNER_56, RUNNER_57, RUNNER_58, RUNNER_59, RUNNER_60, RUNNER_36">
        <runner id="RUNNER_23" name="XNA 3.1 (PC) for BuildServerUploader" type="VS.Solution">
          <parameters>
            <param name="build-file-path" value="Engines/FlatRedBallXNA/FlatRedBall/FlatRedBall.sln" />
            <param name="msbuild.prop.Configuration" value="Debug Docs" />
            <param name="msbuild.prop.Platform" value="x86" />
            <param name="msbuild_version" value="3.5" />
            <param name="run-platform" value="x86" />
            <param name="targets" value="Rebuild" />
            <param name="toolsVersion" value="3.5" />
            <param name="vs.version" value="vs2008" />
          </parameters>
        </runner>
        <runner id="RUNNER_24" name="BuildServerUploader for ChangeVersions" type="VS.Solution">
          <parameters>
            <param name="build-file-path" value="FRBDK/BuildServerUploader/BuildServerUploader.sln" />
            <param name="msbuild.prop.Configuration" value="BuildServer" />
            <param name="msbuild.prop.Platform" value="x86" />
            <param name="msbuild_version" value="3.5" />
            <param name="run-platform" value="x86" />
            <param name="targets" value="Rebuild" />
            <param name="toolsVersion" value="3.5" />
            <param name="vs.version" value="vs2008" />
          </parameters>
        </runner>
        <runner id="RUNNER_25" name="Change Versions" type="simpleRunner">
          <parameters>
            <param name="command.executable" value="FRBDK/BuildServerUploader/BuildServerUploaderConsole/bin/x86/BuildServer/BuildServerUploaderConsole.exe" />
            <param name="command.parameters" value="changeversion" />
          </parameters>
        </runner>
        <runner id="RUNNER_36" name="Uploader" type="simpleRunner">
          <parameters>
            <param name="command.executable" value="FRBDK/BuildServerUploader/BuildServerUploaderConsole/bin/x86/BuildServer/BuildServerUploaderConsole.exe" />
            <param name="command.parameters" value="upload" />
          </parameters>
        </runner>
      </build-runners>
      <requirements />
      <build-triggers />
      <cleanup />
    </settings>
  </build-type>
  <build-type id="bt6" name="Udder Chaos">
    <description />
    <settings>
      <parameters />
      <build-runners>
        <runner id="RUNNER_43" name="UdderChaosMonoDroid" type="VS.Solution">
          <parameters>
            <param name="build-file-path" value="Projects/UdderChaos/UdderChaosMonoDroid/UdderChaosMonoDroid.sln" />
            <param name="msbuild.prop.Configuration" value="Release" />
            <param name="msbuild_version" value="4.0" />
            <param name="run-platform" value="x86" />
            <param name="targets" value="Rebuild" />
            <param name="toolsVersion" value="4.0" />
            <param name="vs.version" value="vs2010" />
          </parameters>
        </runner>
        <runner id="RUNNER_41" name="UdderChaosMonoDroid Package" type="MSBuild">
          <parameters>
            <param name="build-file-path" value="Projects/UdderChaos/UdderChaosMonoDroid/UdderChaosMonoDroid/UdderChaosMonoDroid.csproj" />
            <param name="dotNetCoverage.NCover.HTMLReport.File.Sort" value="0" />
            <param name="dotNetCoverage.NCover.HTMLReport.File.Type" value="1" />
            <param name="dotNetCoverage.NCover.Reg" value="selected" />
            <param name="dotNetCoverage.NCover.platformBitness" value="x86" />
            <param name="dotNetCoverage.NCover.platformVersion" value="v2.0" />
            <param name="dotNetCoverage.NCover3.Reg" value="selected" />
            <param name="dotNetCoverage.NCover3.args" value="//ias .*" />
            <param name="dotNetCoverage.NCover3.platformBitness" value="x86" />
            <param name="dotNetCoverage.NCover3.platformVersion" value="v2.0" />
            <param name="dotNetCoverage.NCover3.reporter.executable.args" value="//or FullCoverageReport:Html:{teamcity.report.path}" />
            <param name="dotNetCoverage.PartCover.Reg" value="selected" />
            <param name="dotNetCoverage.PartCover.includes" value="[*]*" />
            <param name="dotNetCoverage.PartCover.platformBitness" value="x86" />
            <param name="dotNetCoverage.PartCover.platformVersion" value="v2.0" />
            <param name="msbuild_version" value="4.0" />
            <param name="run-platform" value="x86" />
            <param name="targets" value="PackageForAndroid" />
            <param name="toolsVersion" value="none" />
          </parameters>
        </runner>
        <runner id="RUNNER_44" name="UdderChaosMonoDroid Sign" type="MSBuild">
          <parameters>
            <param name="build-file-path" value="Projects/UdderChaos/UdderChaosMonoDroid/UdderChaosMonoDroid/UdderChaosMonoDroid.csproj" />
            <param name="dotNetCoverage.NCover.HTMLReport.File.Sort" value="0" />
            <param name="dotNetCoverage.NCover.HTMLReport.File.Type" value="1" />
            <param name="dotNetCoverage.NCover.Reg" value="selected" />
            <param name="dotNetCoverage.NCover.platformBitness" value="x86" />
            <param name="dotNetCoverage.NCover.platformVersion" value="v2.0" />
            <param name="dotNetCoverage.NCover3.Reg" value="selected" />
            <param name="dotNetCoverage.NCover3.args" value="//ias .*" />
            <param name="dotNetCoverage.NCover3.platformBitness" value="x86" />
            <param name="dotNetCoverage.NCover3.platformVersion" value="v2.0" />
            <param name="dotNetCoverage.NCover3.reporter.executable.args" value="//or FullCoverageReport:Html:{teamcity.report.path}" />
            <param name="dotNetCoverage.PartCover.Reg" value="selected" />
            <param name="dotNetCoverage.PartCover.includes" value="[*]*" />
            <param name="dotNetCoverage.PartCover.platformBitness" value="x86" />
            <param name="dotNetCoverage.PartCover.platformVersion" value="v2.0" />
            <param name="msbuild_version" value="4.0" />
            <param name="run-platform" value="x86" />
            <param name="targets" value="SignAndroidPackage" />
            <param name="toolsVersion" value="none" />
          </parameters>
        </runner>
      </build-runners>
      <vcs-settings checkout-mode="ON_SERVER" checkout-dir="UdderChaos" labeling-type="NONE" labeling-pattern="build-%system.build.number%">
        <vcs-entry-ref root-id="2" set-label="false">
          <checkout-rule rule="+:.=&gt;Engines/FlatRedBallXNA" />
        </vcs-entry-ref>
        <vcs-entry-ref root-id="8" set-label="false">
          <checkout-rule rule="+:.=&gt;Engines/FlatRedBallMonoDroid" />
        </vcs-entry-ref>
        <vcs-entry-ref root-id="9" set-label="false">
          <checkout-rule rule="+:.=&gt;Engines/FlatRedBallMonoDroid/MonoGame" />
        </vcs-entry-ref>
        <vcs-entry-ref root-id="10" set-label="false">
          <checkout-rule rule="+:.=&gt;Projects/UdderChaos" />
        </vcs-entry-ref>
      </vcs-settings>
      <requirements />
      <build-triggers />
      <cleanup />
    </settings>
  </build-type>
  <build-type id="bt8" name="Unit Tests">
    <description />
    <settings ref="btTemplate4">
      <parameters />
      <build-runners order="RUNNER_64, RUNNER_1, RUNNER_2, RUNNER_4, RUNNER_5, RUNNER_6, RUNNER_42, RUNNER_9, RUNNER_8, RUNNER_7, RUNNER_10, RUNNER_11, RUNNER_13, RUNNER_17, RUNNER_19, RUNNER_20, RUNNER_26, RUNNER_27, RUNNER_28, RUNNER_29, RUNNER_30, RUNNER_31, RUNNER_32, RUNNER_34, RUNNER_35, RUNNER_53, RUNNER_54, RUNNER_55, RUNNER_56, RUNNER_57, RUNNER_58, RUNNER_59, RUNNER_60, RUNNER_3, RUNNER_22">
        <runner id="RUNNER_3" name="Build GlueTests" type="VS.Solution">
          <parameters>
            <param name="build-file-path" value="FrbTests/GlueTests/GlueTests.sln" />
            <param name="msbuild.prop.Configuration" value="Debug" />
            <param name="msbuild.prop.Platform" value="x86" />
            <param name="msbuild_version" value="4.0" />
            <param name="run-platform" value="x86" />
            <param name="targets" value="Rebuild" />
            <param name="toolsVersion" value="4.0" />
            <param name="vs.version" value="vs2010" />
          </parameters>
        </runner>
        <runner id="RUNNER_22" name="Glue Test Project Unit Test" type="NUnit">
          <parameters>
            <param name="dotNetCoverage.NCover.HTMLReport.File.Sort" value="0" />
            <param name="dotNetCoverage.NCover.HTMLReport.File.Type" value="1" />
            <param name="dotNetCoverage.NCover.Reg" value="selected" />
            <param name="dotNetCoverage.NCover.platformBitness" value="x86" />
            <param name="dotNetCoverage.NCover.platformVersion" value="v2.0" />
            <param name="dotNetCoverage.NCover3.Reg" value="selected" />
            <param name="dotNetCoverage.NCover3.args" value="//ias .*" />
            <param name="dotNetCoverage.NCover3.platformBitness" value="x86" />
            <param name="dotNetCoverage.NCover3.platformVersion" value="v2.0" />
            <param name="dotNetCoverage.NCover3.reporter.executable.args" value="//or FullCoverageReport:Html:{teamcity.report.path}" />
            <param name="dotNetCoverage.PartCover.Reg" value="selected" />
            <param name="dotNetCoverage.PartCover.includes" value="[*]*" />
            <param name="dotNetCoverage.PartCover.platformBitness" value="x86" />
            <param name="dotNetCoverage.PartCover.platformVersion" value="v2.0" />
            <param name="dotNetTestRunner.Type" value="NUnit" />
            <param name="nunit_enabled" value="checked" />
            <param name="nunit_environment" value="v4.0" />
            <param name="nunit_include" value="FrbTests\GlueTests\GlueTests\bin\Debug\GlueTests.exe" />
            <param name="nunit_platform" value="x86" />
            <param name="nunit_version" value="NUnit-2.5.10" />
          </parameters>
        </runner>
      </build-runners>
      <requirements />
      <build-triggers />
      <cleanup />
    </settings>
  </build-type>
</project>

